<?xml version='1.0' encoding='UTF-8'?>
<image h="64" w="64"><stack><stack composite-op="svg:src-over" name="shirt" opacity="1.0" visibility="visible"><layer composite-op="svg:src-over" name="shirt2" opacity="1.0" src="data/001-000.png" visibility="visible" x="0" y="0" /><layer composite-op="svg:src-over" name="shirt1" opacity="1.0" src="data/001-001.png" visibility="hidden" x="0" y="0" /></stack><stack composite-op="svg:src-over" name="pants" opacity="1.0" visibility="visible"><layer composite-op="svg:src-over" name="pants1" opacity="1.0" src="data/002-000.png" visibility="visible" x="0" y="0" /></stack><stack composite-op="svg:src-over" name="hair" opacity="1.0" visibility="visible"><layer composite-op="svg:src-over" name="hair1" opacity="1.0" src="data/003-000.png" visibility="visible" x="0" y="0" /></stack><layer composite-op="svg:src-over" name="body" opacity="1.0" src="data/003.png" visibility="visible" x="0" y="0" /><layer composite-op="svg:src-over" name="Background" opacity="1.0" src="data/004.png" visibility="hidden" x="0" y="0" /></stack></image>